[
  {
    "CountryId": 217,
    "Name": "USA",
    "CountryCode": 1,
    "IsoCountryCode": "US",
    "StateList": true,
    "Region": "na",
    "States": [
      {
        "Name": "Alabama",
        "StateProvinceId": 1
      },
      {
        "Name": "Alaska",
        "StateProvinceId": 2
      },
      {
        "Name": "Arizona",
        "StateProvinceId": 3
      },
      {
        "Name": "Arkansas",
        "StateProvinceId": 4
      },
      {
        "Name": "California",
        "StateProvinceId": 5
      },
      {
        "Name": "Colorado",
        "StateProvinceId": 6
      },
      {
        "Name": "Connecticut",
        "StateProvinceId": 7
      },
      {
        "Name": "Delaware",
        "StateProvinceId": 8
      },
      {
        "Name": "District Of Columbia",
        "StateProvinceId": 9
      },
      {
        "Name": "Florida",
        "StateProvinceId": 10
      },
      {
        "Name": "Georgia",
        "StateProvinceId": 11
      },
      {
        "Name": "Hawaii",
        "StateProvinceId": 12
      },
      {
        "Name": "Idaho",
        "StateProvinceId": 13
      },
      {
        "Name": "Illinois",
        "StateProvinceId": 14
      },
      {
        "CountryId": 93,
        "Name": "India",
        "CountryCode": 91,
        "IsoCountryCode": "IN",
        "StateList": true,
        "Region": "asia",
        "States": [
          {
            "Name": "Andaman and Nicobar Islands",
            "StateProvinceId": 250
          },
          {
            "Name": "Andhra Pradesh",
            "StateProvinceId": 221
          },
          {
            "Name": "Arunachal Pradesh",
            "StateProvinceId": 222
          },
          {
            "Name": "Assam",
            "StateProvinceId": 223
          },
          {
            "Name": "Bihar",
            "StateProvinceId": 224
          },
          {
            "Name": "Chandigarh",
            "StateProvinceId": 251
          },
          {
            "Name": "Chhattisgarh",
            "StateProvinceId": 225
          },
          {
            "Name": "Dadra and Nagar Haveli",
            "StateProvinceId": 252
          },
          {
            "Name": "Daman and Diu",
            "StateProvinceId": 253
          },
          {
            "Name": "Goa",
            "StateProvinceId": 226
          },
          {
            "Name": "Gujarat",
            "StateProvinceId": 227
          },
          {
            "Name": "Haryana",
            "StateProvinceId": 228
          },
          {
            "Name": "Himachal Pradesh",
            "StateProvinceId": 229
          },
          {
            "Name": "Jammu and Kashmir",
            "StateProvinceId": 230
          },
          {
            "Name": "Jharkhand",
            "StateProvinceId": 231
          },
          {
            "Name": "Karnataka",
            "StateProvinceId": 232
          },
          {
            "Name": "Kerala",
            "StateProvinceId": 233
          },
          {
            "Name": "Lakshadweep",
            "StateProvinceId": 254
          },
          {
            "Name": "Madhya Pradesh",
            "StateProvinceId": 234
          },
          {
            "Name": "Maharashtra",
            "StateProvinceId": 235
          },
          {
            "Name": "Manipur",
            "StateProvinceId": 236
          },
          {
            "Name": "Meghalaya",
            "StateProvinceId": 237
          },
          {
            "Name": "Mizoram",
            "StateProvinceId": 238
          },
          {
            "Name": "Nagaland",
            "StateProvinceId": 239
          },
          {
            "Name": "Delhi",
            "StateProvinceId": 255
          },
          {
            "Name": "Odisha",
            "StateProvinceId": 240
          },
          {
            "Name": "Puducherry",
            "StateProvinceId": 256
          },
          {
            "Name": "Punjab",
            "StateProvinceId": 241
          },
          {
            "Name": "Rajasthan",
            "StateProvinceId": 242
          },
          {
            "Name": "Sikkim",
            "StateProvinceId": 243
          },
          {
            "Name": "Tamil Nadu",
            "StateProvinceId": 244
          },
          {
            "Name": "Telangana",
            "StateProvinceId": 245
          },
          {
            "Name": "Tripura",
            "StateProvinceId": 246
          },
          {
            "Name": "Uttar Pradesh",
            "StateProvinceId": 247
          },
          {
            "Name": "Uttarakhand",
            "StateProvinceId": 248
          },
          {
            "Name": "West Bengal",
            "StateProvinceId": 249
          }
        ]
      },
      {
        "Name": "Iowa",
        "StateProvinceId": 16
      },
      {
        "Name": "Kansas",
        "StateProvinceId": 17
      },
      {
        "Name": "Kentucky",
        "StateProvinceId": 18
      },
      {
        "Name": "Louisiana",
        "StateProvinceId": 19
      },
      {
        "Name": "Maine",
        "StateProvinceId": 20
      },
      {
        "Name": "Maryland",
        "StateProvinceId": 21
      },
      {
        "Name": "Massachusetts",
        "StateProvinceId": 22
      },
      {
        "Name": "Michigan",
        "StateProvinceId": 23
      },
      {
        "Name": "Minnesota",
        "StateProvinceId": 24
      },
      {
        "Name": "Mississippi",
        "StateProvinceId": 25
      },
      {
        "Name": "Missouri",
        "StateProvinceId": 26
      },
      {
        "Name": "Montana",
        "StateProvinceId": 27
      },
      {
        "Name": "Nebraska",
        "StateProvinceId": 28
      },
      {
        "Name": "Nevada",
        "StateProvinceId": 29
      },
      {
        "Name": "New Hampshire",
        "StateProvinceId": 30
      },
      {
        "Name": "New Jersey",
        "StateProvinceId": 31
      },
      {
        "Name": "New Mexico",
        "StateProvinceId": 32
      },
      {
        "Name": "New York",
        "StateProvinceId": 33
      },
      {
        "Name": "North Carolina",
        "StateProvinceId": 34
      },
      {
        "Name": "North Dakota",
        "StateProvinceId": 35
      },
      {
        "Name": "Ohio",
        "StateProvinceId": 36
      },
      {
        "Name": "Oklahoma",
        "StateProvinceId": 37
      },
      {
        "Name": "Oregon",
        "StateProvinceId": 38
      },
      {
        "Name": "Pennsylvania",
        "StateProvinceId": 39
      },
      {
        "Name": "Rhode Island",
        "StateProvinceId": 40
      },
      {
        "Name": "South Carolina",
        "StateProvinceId": 41
      },
      {
        "Name": "South Dakota",
        "StateProvinceId": 42
      },
      {
        "Name": "Tennessee",
        "StateProvinceId": 43
      },
      {
        "Name": "Texas",
        "StateProvinceId": 44
      },
      {
        "Name": "Utah",
        "StateProvinceId": 45
      },
      {
        "Name": "Vermont",
        "StateProvinceId": 46
      },
      {
        "Name": "Virginia",
        "StateProvinceId": 47
      },
      {
        "Name": "Washington",
        "StateProvinceId": 48
      },
      {
        "Name": "West Virginia",
        "StateProvinceId": 49
      },
      {
        "Name": "Wisconsin",
        "StateProvinceId": 50
      },
      {
        "Name": "Wyoming",
        "StateProvinceId": 51
      }
    ]
  },
  {
    "CountryId": 38,
    "Name": "Canada",
    "CountryCode": 1,
    "IsoCountryCode": "CA",
    "StateList": true,
    "Region": "na",
    "States": [
      {
        "Name": "Alberta",
        "StateProvinceId": 55
      },
      {
        "Name": "British Columbia",
        "StateProvinceId": 54
      },
      {
        "Name": "Manitoba",
        "StateProvinceId": 56
      },
      {
        "Name": "New Brunswick",
        "StateProvinceId": 59
      },
      {
        "Name": "Newfoundland and Labrador",
        "StateProvinceId": 60
      },
      {
        "Name": "Northwest Territories",
        "StateProvinceId": 62
      },
      {
        "Name": "Nova Scotia",
        "StateProvinceId": 58
      },
      {
        "Name": "Nunavut",
        "StateProvinceId": 64
      },
      {
        "Name": "Ontario",
        "StateProvinceId": 52
      },
      {
        "Name": "Prince Edward Island",
        "StateProvinceId": 61
      },
      {
        "Name": "Quebec",
        "StateProvinceId": 53
      },
      {
        "Name": "Saskatchewan",
        "StateProvinceId": 57
      },
      {
        "Name": "Yukon",
        "StateProvinceId": 63
      }
    ]
  },
  {
    "CountryId": 1,
    "Name": "Afghanistan",
    "CountryCode": 93,
    "IsoCountryCode": "AF",
    "StateList": false,
    "Region": "eu"
  },
  {
    "CountryId": 245,
    "Name": "Aland Islands",
    "CountryCode": 358,
    "IsoCountryCode": "AX",
    "StateList": false,
    "Region": "eu"
  },
  {
    "CountryId": 2,
    "Name": "Albania",
    "CountryCode": 355,
    "IsoCountryCode": "AL",
    "StateList": false,
    "Region": "eu"
  },
  {
    "CountryId": 3,
    "Name": "Algeria",
    "CountryCode": 213,
    "IsoCountryCode": "DZ",
    "StateList": false,
    "Region": "eu"
  },
  {
    "CountryId": 4,
    "Name": "American Samoa",
    "CountryCode": 1684,
    "IsoCountryCode": "AS",
    "StateList": false,
    "Region": "asia"
  },
  {
    "CountryId": 5,
    "Name": "Andorra",
    "CountryCode": 376,
    "IsoCountryCode": "AD",
    "StateList": false,
    "Region": "eu"
  },
  {
    "CountryId": 6,
    "Name": "Angola",
    "CountryCode": 244,
    "IsoCountryCode": "AO",
    "StateList": false,
    "Region": "eu"
  },
  {
    "CountryId": 7,
    "Name": "Anguilla",
    "CountryCode": 1264,
    "IsoCountryCode": "AI",
    "StateList": false,
    "Region": "la"
  },
  {
    "CountryId": 8,
    "Name": "Antigua and Barbuda",
    "CountryCode": 1268,
    "IsoCountryCode": "AG",
    "StateList": false,
    "Region": "la"
  },
  {
    "CountryId": 9,
    "Name": "Argentina",
    "CountryCode": 54,
    "IsoCountryCode": "AR",
    "StateList": false,
    "Region": "la"
  },
  {
    "CountryId": 10,
    "Name": "Armenia",
    "CountryCode": 374,
    "IsoCountryCode": "AM",
    "StateList": false,
    "Region": "eu"
  },
  {
    "CountryId": 11,
    "Name": "Aruba",
    "CountryCode": 297,
    "IsoCountryCode": "AW",
    "StateList": false,
    "Region": "la"
  },
  {
    "CountryId": 12,
    "Name": "Ascension Island",
    "CountryCode": 247,
    "IsoCountryCode": null,
    "StateList": false,
    "Region": "eu"
  },
  {
    "CountryId": 13,
    "Name": "Australia",
    "CountryCode": 61,
    "IsoCountryCode": "AU",
    "StateList": false,
    "Region": "asia"
  },
  {
    "CountryId": 14,
    "Name": "Austria",
    "CountryCode": 43,
    "IsoCountryCode": "AT",
    "StateList": false,
    "Region": "eu"
  },
  {
    "CountryId": 15,
    "Name": "Azerbaijan",
    "CountryCode": 994,
    "IsoCountryCode": "AZ",
    "StateList": false,
    "Region": "eu"
  },
  {
    "CountryId": 16,
    "Name": "Bahamas",
    "CountryCode": 1242,
    "IsoCountryCode": "BS",
    "StateList": false,
    "Region": "na"
  },
  {
    "CountryId": 17,
    "Name": "Bahrain",
    "CountryCode": 973,
    "IsoCountryCode": "BH",
    "StateList": false,
    "Region": "eu"
  },
  {
    "CountryId": 18,
    "Name": "Bangladesh",
    "CountryCode": 880,
    "IsoCountryCode": "BD",
    "StateList": false,
    "Region": "asia"
  },
  {
    "CountryId": 19,
    "Name": "Barbados",
    "CountryCode": 1246,
    "IsoCountryCode": "BB",
    "StateList": false,
    "Region": "la"
  },
  {
    "CountryId": 21,
    "Name": "Belarus",
    "CountryCode": 375,
    "IsoCountryCode": "BY",
    "StateList": false,
    "Region": "eu"
  },
  {
    "CountryId": 22,
    "Name": "Belgium",
    "CountryCode": 32,
    "IsoCountryCode": "BE",
    "StateList": false,
    "Region": "eu"
  },
  {
    "CountryId": 23,
    "Name": "Belize",
    "CountryCode": 501,
    "IsoCountryCode": "BZ",
    "StateList": false,
    "Region": "la"
  },
  {
    "CountryId": 24,
    "Name": "Benin",
    "CountryCode": 229,
    "IsoCountryCode": "BJ",
    "StateList": false,
    "Region": "eu"
  },
  {
    "CountryId": 25,
    "Name": "Bermuda",
    "CountryCode": 1441,
    "IsoCountryCode": "BM",
    "StateList": false,
    "Region": "na"
  },
  {
    "CountryId": 26,
    "Name": "Bhutan",
    "CountryCode": 975,
    "IsoCountryCode": "BT",
    "StateList": false,
    "Region": "asia"
  },
  {
    "CountryId": 27,
    "Name": "Bolivia",
    "CountryCode": 591,
    "IsoCountryCode": "BO",
    "StateList": false,
    "Region": "la"
  },
  {
    "CountryId": 28,
    "Name": "Bosnia and Herzegovina",
    "CountryCode": 387,
    "IsoCountryCode": "BA",
    "StateList": false,
    "Region": "eu"
  },
  {
    "CountryId": 29,
    "Name": "Botswana",
    "CountryCode": 267,
    "IsoCountryCode": "BW",
    "StateList": false,
    "Region": "eu"
  },
  {
    "CountryId": 251,
    "Name": "Bouvet Island",
    "CountryCode": 47,
    "IsoCountryCode": "BV",
    "StateList": false,
    "Region": "eu"
  },
  {
    "CountryId": 30,
    "Name": "Brazil",
    "CountryCode": 55,
    "IsoCountryCode": "BR",
    "StateList": false,
    "Region": "la"
  },
  {
    "CountryId": 242,
    "Name": "British Indian Ocean Territory",
    "CountryCode": 246,
    "IsoCountryCode": "IO",
    "StateList": false,
    "Region": "eu"
  },
  {
    "CountryId": 31,
    "Name": "Brunei Darussalam",
    "CountryCode": 673,
    "IsoCountryCode": "BN",
    "StateList": false,
    "Region": "asia"
  },
  {
    "CountryId": 32,
    "Name": "Bulgaria",
    "CountryCode": 359,
    "IsoCountryCode": "BG",
    "StateList": false,
    "Region": "eu"
  },
  {
    "CountryId": 33,
    "Name": "Burkina Faso",
    "CountryCode": 226,
    "IsoCountryCode": "BF",
    "StateList": false,
    "Region": "eu"
  },
  {
    "CountryId": 139,
    "Name": "Burma/Myanmar",
    "CountryCode": 95,
    "IsoCountryCode": "MM",
    "StateList": false,
    "Region": "asia"
  },
  {
    "CountryId": 35,
    "Name": "Burundi",
    "CountryCode": 257,
    "IsoCountryCode": "BI",
    "StateList": false,
    "Region": "eu"
  },
  {
    "CountryId": 36,
    "Name": "Cambodia",
    "CountryCode": 855,
    "IsoCountryCode": "KH",
    "StateList": false,
    "Region": "asia"
  },
  {
    "CountryId": 37,
    "Name": "Cameroon",
    "CountryCode": 237,
    "IsoCountryCode": "CM",
    "StateList": false,
    "Region": "eu"
  },
  {
    "CountryId": 39,
    "Name": "Cape Verde",
    "CountryCode": 238,
    "IsoCountryCode": "CV",
    "StateList": false,
    "Region": "eu"
  },
  {
    "CountryId": 40,
    "Name": "Cayman Islands",
    "CountryCode": 1345,
    "IsoCountryCode": "KY",
    "StateList": false,
    "Region": "la"
  },
  {
    "CountryId": 41,
    "Name": "Central African Republic",
    "CountryCode": 236,
    "IsoCountryCode": "CF",
    "StateList": false,
    "Region": "eu"
  },
  {
    "CountryId": 42,
    "Name": "Chad",
    "CountryCode": 235,
    "IsoCountryCode": "TD",
    "StateList": false,
    "Region": "eu"
  },
  {
    "CountryId": 43,
    "Name": "Chile",
    "CountryCode": 56,
    "IsoCountryCode": "CL",
    "StateList": false,
    "Region": "la"
  },
  {
    "CountryId": 44,
    "Name": "China",
    "CountryCode": 86,
    "IsoCountryCode": "CN",
    "StateList": false,
    "Region": "asia"
  },
  {
    "CountryId": 243,
    "Name": "Christmas Island",
    "CountryCode": 61,
    "IsoCountryCode": "CX",
    "StateList": false,
    "Region": "asia"
  },
  {
    "CountryId": 244,
    "Name": "Cocos (Keeling) Islands",
    "CountryCode": 61891,
    "IsoCountryCode": "CC",
    "StateList": false,
    "Region": "asia"
  },
  {
    "CountryId": 45,
    "Name": "Colombia",
    "CountryCode": 57,
    "IsoCountryCode": "CO",
    "StateList": false,
    "Region": "la"
  },
  {
    "CountryId": 46,
    "Name": "Comoros",
    "CountryCode": 269,
    "IsoCountryCode": "KM",
    "StateList": false,
    "Region": "eu"
  },
  {
    "CountryId": 231,
    "Name": "Congo, Democratic Republic of the",
    "CountryCode": 243,
    "IsoCountryCode": "CG",
    "StateList": false,
    "Region": "eu"
  },
  {
    "CountryId": 164,
    "Name": "Congo, Republic of the",
    "CountryCode": 242,
    "IsoCountryCode": "CD",
    "StateList": false,
    "Region": "eu"
  },
  {
    "CountryId": 47,
    "Name": "Cook Islands",
    "CountryCode": 682,
    "IsoCountryCode": "CK",
    "StateList": false,
    "Region": "asia"
  },
  {
    "CountryId": 48,
    "Name": "Costa Rica",
    "CountryCode": 506,
    "IsoCountryCode": "CR",
    "StateList": false,
    "Region": "la"
  },
  {
    "CountryId": 100,
    "Name": "Côte d'Ivoire",
    "CountryCode": 225,
    "IsoCountryCode": "CI",
    "StateList": false,
    "Region": "eu"
  },
  {
    "CountryId": 49,
    "Name": "Croatia",
    "CountryCode": 385,
    "IsoCountryCode": "HR",
    "StateList": false,
    "Region": "eu"
  },
  {
    "CountryId": 50,
    "Name": "Cuba",
    "CountryCode": 53,
    "IsoCountryCode": "CU",
    "StateList": false,
    "Region": "la"
  },
  {
    "CountryId": 51,
    "Name": "Curaçao",
    "CountryCode": 599,
    "IsoCountryCode": "CW",
    "StateList": false,
    "Region": "la"
  },
  {
    "CountryId": 52,
    "Name": "Cyprus",
    "CountryCode": 357,
    "IsoCountryCode": "CY",
    "StateList": false,
    "Region": "eu"
  },
  {
    "CountryId": 53,
    "Name": "Czech Republic",
    "CountryCode": 420,
    "IsoCountryCode": "CZ",
    "StateList": false,
    "Region": "eu"
  },
  {
    "CountryId": 54,
    "Name": "Denmark",
    "CountryCode": 45,
    "IsoCountryCode": "DK",
    "StateList": false,
    "Region": "eu"
  },
  {
    "CountryId": 55,
    "Name": "Djibouti",
    "CountryCode": 253,
    "IsoCountryCode": "DJ",
    "StateList": false,
    "Region": "eu"
  },
  {
    "CountryId": 56,
    "Name": "Dominica ",
    "CountryCode": 1767,
    "IsoCountryCode": "DM",
    "StateList": false,
    "Region": "la"
  },
  {
    "CountryId": 57,
    "Name": "Dominican Republic",
    "CountryCode": 1809,
    "IsoCountryCode": "DO",
    "StateList": false,
    "Region": "la"
  },
  {
    "CountryId": 249,
    "Name": "Easter Island",
    "CountryCode": 5632,
    "IsoCountryCode": null,
    "StateList": false,
    "Region": "la"
  },
  {
    "CountryId": 60,
    "Name": "Ecuador",
    "CountryCode": 593,
    "IsoCountryCode": "EC",
    "StateList": false,
    "Region": "la"
  },
  {
    "CountryId": 61,
    "Name": "Egypt",
    "CountryCode": 20,
    "IsoCountryCode": "EG",
    "StateList": false,
    "Region": "eu"
  },
  {
    "CountryId": 62,
    "Name": "El Salvador",
    "CountryCode": 503,
    "IsoCountryCode": "SV",
    "StateList": false,
    "Region": "la"
  },
  {
    "CountryId": 63,
    "Name": "Equatorial Guinea",
    "CountryCode": 240,
    "IsoCountryCode": "GQ",
    "StateList": false,
    "Region": "eu"
  },
  {
    "CountryId": 64,
    "Name": "Eritrea",
    "CountryCode": 291,
    "IsoCountryCode": "ER",
    "StateList": false,
    "Region": "eu"
  },
  {
    "CountryId": 65,
    "Name": "Estonia",
    "CountryCode": 372,
    "IsoCountryCode": "EE",
    "StateList": false,
    "Region": "eu"
  },
  {
    "CountryId": 66,
    "Name": "Ethiopia",
    "CountryCode": 251,
    "IsoCountryCode": "ET",
    "StateList": false,
    "Region": "eu"
  },
  {
    "CountryId": 68,
    "Name": "Falkland Islands (Malvinas)",
    "CountryCode": 500,
    "IsoCountryCode": "FK",
    "StateList": false,
    "Region": "eu"
  },
  {
    "CountryId": 67,
    "Name": "Faroe Islands",
    "CountryCode": 298,
    "IsoCountryCode": "FO",
    "StateList": false,
    "Region": "eu"
  },
  {
    "CountryId": 69,
    "Name": "Fiji",
    "CountryCode": 679,
    "IsoCountryCode": "FJ",
    "StateList": false,
    "Region": "asia"
  },
  {
    "CountryId": 70,
    "Name": "Finland",
    "CountryCode": 358,
    "IsoCountryCode": "FI",
    "StateList": false,
    "Region": "eu"
  },
  {
    "CountryId": 71,
    "Name": "France",
    "CountryCode": 33,
    "IsoCountryCode": "FR",
    "StateList": false,
    "Region": "eu"
  },
  {
    "CountryId": 72,
    "Name": "French Guiana",
    "CountryCode": 594,
    "IsoCountryCode": "GF",
    "StateList": false,
    "Region": "eu"
  },
  {
    "CountryId": 199,
    "Name": "French Polynesia",
    "CountryCode": 689,
    "IsoCountryCode": "PF",
    "StateList": false,
    "Region": "asia"
  },
  {
    "CountryId": 252,
    "Name": "French Southern Territories",
    "CountryCode": 33,
    "IsoCountryCode": "TF",
    "StateList": false,
    "Region": "eu"
  },
  {
    "CountryId": 73,
    "Name": "Gabon",
    "CountryCode": 241,
    "IsoCountryCode": "GA",
    "StateList": false,
    "Region": "eu"
  },
  {
    "CountryId": 74,
    "Name": "Gambia",
    "CountryCode": 220,
    "IsoCountryCode": "GM",
    "StateList": false,
    "Region": "eu"
  },
  {
    "CountryId": 75,
    "Name": "Georgia",
    "CountryCode": 995,
    "IsoCountryCode": "GE",
    "StateList": false,
    "Region": "eu"
  },
  {
    "CountryId": 76,
    "Name": "Germany",
    "CountryCode": 49,
    "IsoCountryCode": "DE",
    "StateList": false,
    "Region": "eu"
  },
  {
    "CountryId": 77,
    "Name": "Ghana",
    "CountryCode": 233,
    "IsoCountryCode": "GH",
    "StateList": false,
    "Region": "eu"
  },
  {
    "CountryId": 78,
    "Name": "Gibraltar",
    "CountryCode": 350,
    "IsoCountryCode": "GI",
    "StateList": false,
    "Region": "eu"
  },
  {
    "CountryId": 79,
    "Name": "Greece",
    "CountryCode": 30,
    "IsoCountryCode": "GR",
    "StateList": false,
    "Region": "eu"
  },
  {
    "CountryId": 80,
    "Name": "Greenland",
    "CountryCode": 299,
    "IsoCountryCode": "GL",
    "StateList": false,
    "Region": "eu"
  },
  {
    "CountryId": 81,
    "Name": "Grenada",
    "CountryCode": 1473,
    "IsoCountryCode": "GD",
    "StateList": false,
    "Region": "la"
  },
  {
    "CountryId": 82,
    "Name": "Guadeloupe",
    "CountryCode": 590,
    "IsoCountryCode": "GP",
    "StateList": false,
    "Region": "la"
  },
  {
    "CountryId": 83,
    "Name": "Guam",
    "CountryCode": 1671,
    "IsoCountryCode": "GU",
    "StateList": false,
    "Region": "na"
  },
  {
    "CountryId": 84,
    "Name": "Guatemala",
    "CountryCode": 502,
    "IsoCountryCode": "GT",
    "StateList": false,
    "Region": "la"
  },
  {
    "CountryId": 246,
    "Name": "Guernsey",
    "CountryCode": 441481,
    "IsoCountryCode": "GG",
    "StateList": false,
    "Region": "eu"
  },
  {
    "CountryId": 85,
    "Name": "Guinea",
    "CountryCode": 224,
    "IsoCountryCode": "GN",
    "StateList": false,
    "Region": "eu"
  },
  {
    "CountryId": 86,
    "Name": "Guinea-Bissau",
    "CountryCode": 245,
    "IsoCountryCode": "GW",
    "StateList": false,
    "Region": "eu"
  },
  {
    "CountryId": 87,
    "Name": "Guyana",
    "CountryCode": 592,
    "IsoCountryCode": "GY",
    "StateList": false,
    "Region": "la"
  },
  {
    "CountryId": 88,
    "Name": "Haiti",
    "CountryCode": 509,
    "IsoCountryCode": "HT",
    "StateList": false,
    "Region": "la"
  },
  {
    "CountryId": 253,
    "Name": "Heard Island And Mcdonald Islands  ",
    "CountryCode": 61,
    "IsoCountryCode": "HM",
    "StateList": false,
    "Region": "asia"
  },
  {
    "CountryId": 89,
    "Name": "Honduras",
    "CountryCode": 504,
    "IsoCountryCode": "HN",
    "StateList": false,
    "Region": "la"
  },
  {
    "CountryId": 90,
    "Name": "Hong Kong",
    "CountryCode": 852,
    "IsoCountryCode": "HK",
    "StateList": false,
    "Region": "asia"
  },
  {
    "CountryId": 91,
    "Name": "Hungary",
    "CountryCode": 36,
    "IsoCountryCode": "HU",
    "StateList": false,
    "Region": "eu"
  },
  {
    "CountryId": 92,
    "Name": "Iceland",
    "CountryCode": 354,
    "IsoCountryCode": "IS",
    "StateList": false,
    "Region": "eu"
  },
  {
    "CountryId": 93,
    "Name": "India",
    "CountryCode": 91,
    "IsoCountryCode": "IN",
    "StateList": true,
    "Region": "asia"
  },
  {
    "CountryId": 94,
    "Name": "Indonesia",
    "CountryCode": 62,
    "IsoCountryCode": "ID",
    "StateList": false,
    "Region": "asia"
  },
  {
    "CountryId": 95,
    "Name": "Iran",
    "CountryCode": 98,
    "IsoCountryCode": "IR",
    "StateList": false,
    "Region": "eu"
  },
  {
    "CountryId": 96,
    "Name": "Iraq",
    "CountryCode": 964,
    "IsoCountryCode": "IQ",
    "StateList": false,
    "Region": "eu"
  },
  {
    "CountryId": 97,
    "Name": "Ireland",
    "CountryCode": 353,
    "IsoCountryCode": "IE",
    "StateList": false,
    "Region": "eu"
  },
  {
    "CountryId": 98,
    "Name": "Israel",
    "CountryCode": 972,
    "IsoCountryCode": "IL",
    "StateList": false,
    "Region": "eu"
  },
  {
    "CountryId": 99,
    "Name": "Italy",
    "CountryCode": 39,
    "IsoCountryCode": "IT",
    "StateList": false,
    "Region": "eu"
  },
  {
    "CountryId": 101,
    "Name": "Jamaica",
    "CountryCode": 1876,
    "IsoCountryCode": "JM",
    "StateList": false,
    "Region": "la"
  },
  {
    "CountryId": 102,
    "Name": "Japan",
    "CountryCode": 81,
    "IsoCountryCode": "JP",
    "StateList": false,
    "Region": "asia"
  },
  {
    "CountryId": 248,
    "Name": "Jersey",
    "CountryCode": 441534,
    "IsoCountryCode": "JE",
    "StateList": false,
    "Region": "eu"
  },
  {
    "CountryId": 103,
    "Name": "Jordan",
    "CountryCode": 962,
    "IsoCountryCode": "JO",
    "StateList": false,
    "Region": "eu"
  },
  {
    "CountryId": 104,
    "Name": "Kazakhstan",
    "CountryCode": 7,
    "IsoCountryCode": "KZ",
    "StateList": false,
    "Region": "eu"
  },
  {
    "CountryId": 105,
    "Name": "Kenya",
    "CountryCode": 254,
    "IsoCountryCode": "KE",
    "StateList": false,
    "Region": "eu"
  },
  {
    "CountryId": 106,
    "Name": "Kiribati",
    "CountryCode": 686,
    "IsoCountryCode": "KI",
    "StateList": false,
    "Region": "asia"
  },
  {
    "CountryId": 107,
    "Name": "Korea, Democratic People's Republic Of",
    "CountryCode": 850,
    "IsoCountryCode": "KP",
    "StateList": false,
    "Region": "asia"
  },
  {
    "CountryId": 185,
    "Name": "Korea, Republic of",
    "CountryCode": 82,
    "IsoCountryCode": "KR",
    "StateList": false,
    "Region": "asia"
  },
  {
    "CountryId": 108,
    "Name": "Kuwait",
    "CountryCode": 965,
    "IsoCountryCode": "KW",
    "StateList": false,
    "Region": "eu"
  },
  {
    "CountryId": 109,
    "Name": "Kyrgyzstan",
    "CountryCode": 996,
    "IsoCountryCode": "KG",
    "StateList": false,
    "Region": "eu"
  },
  {
    "CountryId": 110,
    "Name": "Laos",
    "CountryCode": 856,
    "IsoCountryCode": "LA",
    "StateList": false,
    "Region": "asia"
  },
  {
    "CountryId": 111,
    "Name": "Latvia",
    "CountryCode": 371,
    "IsoCountryCode": "LV",
    "StateList": false,
    "Region": "eu"
  },
  {
    "CountryId": 112,
    "Name": "Lebanon",
    "CountryCode": 961,
    "IsoCountryCode": "LB",
    "StateList": false,
    "Region": "eu"
  },
  {
    "CountryId": 113,
    "Name": "Lesotho",
    "CountryCode": 266,
    "IsoCountryCode": "LS",
    "StateList": false,
    "Region": "eu"
  },
  {
    "CountryId": 114,
    "Name": "Liberia",
    "CountryCode": 231,
    "IsoCountryCode": "LR",
    "StateList": false,
    "Region": "eu"
  },
  {
    "CountryId": 115,
    "Name": "Libya",
    "CountryCode": 218,
    "IsoCountryCode": "LY",
    "StateList": false,
    "Region": "eu"
  },
  {
    "CountryId": 116,
    "Name": "Liechtenstein",
    "CountryCode": 423,
    "IsoCountryCode": "LI",
    "StateList": false,
    "Region": "eu"
  },
  {
    "CountryId": 117,
    "Name": "Lithuania",
    "CountryCode": 370,
    "IsoCountryCode": "LT",
    "StateList": false,
    "Region": "eu"
  },
  {
    "CountryId": 118,
    "Name": "Luxembourg",
    "CountryCode": 352,
    "IsoCountryCode": "LU",
    "StateList": false,
    "Region": "eu"
  },
  {
    "CountryId": 119,
    "Name": "Macau",
    "CountryCode": 853,
    "IsoCountryCode": "MO",
    "StateList": false,
    "Region": "asia"
  },
  {
    "CountryId": 120,
    "Name": "Macedonia",
    "CountryCode": 389,
    "IsoCountryCode": "MK",
    "StateList": false,
    "Region": "eu"
  },
  {
    "CountryId": 121,
    "Name": "Madagascar",
    "CountryCode": 261,
    "IsoCountryCode": "MG",
    "StateList": false,
    "Region": "eu"
  },
  {
    "CountryId": 122,
    "Name": "Malawi",
    "CountryCode": 265,
    "IsoCountryCode": "MW",
    "StateList": false,
    "Region": "eu"
  },
  {
    "CountryId": 123,
    "Name": "Malaysia",
    "CountryCode": 60,
    "IsoCountryCode": "MY",
    "StateList": false,
    "Region": "asia"
  },
  {
    "CountryId": 124,
    "Name": "Maldives",
    "CountryCode": 960,
    "IsoCountryCode": "MV",
    "StateList": false,
    "Region": "asia"
  },
  {
    "CountryId": 125,
    "Name": "Mali",
    "CountryCode": 223,
    "IsoCountryCode": "ML",
    "StateList": false,
    "Region": "eu"
  },
  {
    "CountryId": 126,
    "Name": "Malta",
    "CountryCode": 356,
    "IsoCountryCode": "MT",
    "StateList": false,
    "Region": "eu"
  },
  {
    "CountryId": 127,
    "Name": "Marshall Islands",
    "CountryCode": 692,
    "IsoCountryCode": "MH",
    "StateList": false,
    "Region": "asia"
  },
  {
    "CountryId": 128,
    "Name": "Martinique",
    "CountryCode": 596,
    "IsoCountryCode": "MQ",
    "StateList": false,
    "Region": "la"
  },
  {
    "CountryId": 129,
    "Name": "Mauritania",
    "CountryCode": 222,
    "IsoCountryCode": "MR",
    "StateList": false,
    "Region": "eu"
  },
  {
    "CountryId": 130,
    "Name": "Mauritius",
    "CountryCode": 230,
    "IsoCountryCode": "MU",
    "StateList": false,
    "Region": "eu"
  },
  {
    "CountryId": 234,
    "Name": "Mayotte",
    "CountryCode": 262,
    "IsoCountryCode": "YT",
    "StateList": false,
    "Region": "eu"
  },
  {
    "CountryId": 131,
    "Name": "Mexico",
    "CountryCode": 52,
    "IsoCountryCode": "MX",
    "StateList": false,
    "Region": "la"
  },
  {
    "CountryId": 132,
    "Name": "Micronesia, Federated States of",
    "CountryCode": 691,
    "IsoCountryCode": "FM",
    "StateList": false,
    "Region": "asia"
  },
  {
    "CountryId": 133,
    "Name": "Moldova",
    "CountryCode": 373,
    "IsoCountryCode": "MD",
    "StateList": false,
    "Region": "eu"
  },
  {
    "CountryId": 134,
    "Name": "Monaco",
    "CountryCode": 377,
    "IsoCountryCode": "MC",
    "StateList": false,
    "Region": "eu"
  },
  {
    "CountryId": 135,
    "Name": "Mongolia",
    "CountryCode": 976,
    "IsoCountryCode": "MN",
    "StateList": false,
    "Region": "asia"
  },
  {
    "CountryId": 240,
    "Name": "Montenegro",
    "CountryCode": 382,
    "IsoCountryCode": "ME",
    "StateList": false,
    "Region": "eu"
  },
  {
    "CountryId": 136,
    "Name": "Montserrat",
    "CountryCode": 1664,
    "IsoCountryCode": "MS",
    "StateList": false,
    "Region": "la"
  },
  {
    "CountryId": 137,
    "Name": "Morocco",
    "CountryCode": 212,
    "IsoCountryCode": "MA",
    "StateList": false,
    "Region": "eu"
  },
  {
    "CountryId": 138,
    "Name": "Mozambique",
    "CountryCode": 258,
    "IsoCountryCode": "MZ",
    "StateList": false,
    "Region": "eu"
  },
  {
    "CountryId": 140,
    "Name": "Namibia",
    "CountryCode": 264,
    "IsoCountryCode": "NA",
    "StateList": false,
    "Region": "eu"
  },
  {
    "CountryId": 141,
    "Name": "Nauru",
    "CountryCode": 674,
    "IsoCountryCode": "NR",
    "StateList": false,
    "Region": "asia"
  },
  {
    "CountryId": 142,
    "Name": "Nepal",
    "CountryCode": 977,
    "IsoCountryCode": "NP",
    "StateList": false,
    "Region": "asia"
  },
  {
    "CountryId": 204,
    "Name": "Netherlands",
    "CountryCode": 31,
    "IsoCountryCode": "NL",
    "StateList": false,
    "Region": "eu"
  },
  {
    "CountryId": 226,
    "Name": "Netherlands Antilles",
    "CountryCode": 599,
    "IsoCountryCode": null,
    "StateList": false,
    "Region": "la"
  },
  {
    "CountryId": 143,
    "Name": "New Caledonia",
    "CountryCode": 687,
    "IsoCountryCode": "NC",
    "StateList": false,
    "Region": "asia"
  },
  {
    "CountryId": 144,
    "Name": "New Zealand",
    "CountryCode": 64,
    "IsoCountryCode": "NZ",
    "StateList": false,
    "Region": "asia"
  },
  {
    "CountryId": 145,
    "Name": "Nicaragua",
    "CountryCode": 505,
    "IsoCountryCode": "NI",
    "StateList": false,
    "Region": "la"
  },
  {
    "CountryId": 146,
    "Name": "Niger",
    "CountryCode": 227,
    "IsoCountryCode": "NE",
    "StateList": false,
    "Region": "eu"
  },
  {
    "CountryId": 147,
    "Name": "Nigeria",
    "CountryCode": 234,
    "IsoCountryCode": "NG",
    "StateList": false,
    "Region": "eu"
  },
  {
    "CountryId": 254,
    "Name": "Niue",
    "CountryCode": 683,
    "IsoCountryCode": "NU",
    "StateList": false,
    "Region": "asia"
  },
  {
    "CountryId": 148,
    "Name": "Norfolk Island",
    "CountryCode": 6723,
    "IsoCountryCode": "NF",
    "StateList": false,
    "Region": "asia"
  },
  {
    "CountryId": 256,
    "Name": "Northern Mariana Islands",
    "CountryCode": 670,
    "IsoCountryCode": "MP",
    "StateList": false,
    "Region": "asia"
  },
  {
    "CountryId": 149,
    "Name": "Norway",
    "CountryCode": 47,
    "IsoCountryCode": "NO",
    "StateList": false,
    "Region": "eu"
  },
  {
    "CountryId": 150,
    "Name": "Oman",
    "CountryCode": 968,
    "IsoCountryCode": "OM",
    "StateList": false,
    "Region": "eu"
  },
  {
    "CountryId": 999,
    "Name": "Other",
    "CountryCode": 1,
    "IsoCountryCode": "",
    "StateList": false,
    "Region": "na"
  },
  {
    "CountryId": 151,
    "Name": "Pakistan",
    "CountryCode": 92,
    "IsoCountryCode": "PK",
    "StateList": false,
    "Region": "eu"
  },
  {
    "CountryId": 152,
    "Name": "Palau",
    "CountryCode": 680,
    "IsoCountryCode": "PW",
    "StateList": false,
    "Region": "asia"
  },
  {
    "CountryId": 250,
    "Name": "Palestine",
    "CountryCode": 970,
    "IsoCountryCode": "PS",
    "StateList": false,
    "Region": "eu"
  },
  {
    "CountryId": 154,
    "Name": "Panama",
    "CountryCode": 507,
    "IsoCountryCode": "PA",
    "StateList": false,
    "Region": "la"
  },
  {
    "CountryId": 155,
    "Name": "Papua New Guinea",
    "CountryCode": 675,
    "IsoCountryCode": "PG",
    "StateList": false,
    "Region": "asia"
  },
  {
    "CountryId": 156,
    "Name": "Paraguay",
    "CountryCode": 595,
    "IsoCountryCode": "PY",
    "StateList": false,
    "Region": "la"
  },
  {
    "CountryId": 157,
    "Name": "Peru",
    "CountryCode": 51,
    "IsoCountryCode": "PE",
    "StateList": false,
    "Region": "la"
  },
  {
    "CountryId": 158,
    "Name": "Philippines",
    "CountryCode": 63,
    "IsoCountryCode": "PH",
    "StateList": false,
    "Region": "asia"
  },
  {
    "CountryId": 159,
    "Name": "Pitcairn Islands",
    "CountryCode": 649,
    "IsoCountryCode": "PN",
    "StateList": false,
    "Region": "asia"
  },
  {
    "CountryId": 160,
    "Name": "Poland",
    "CountryCode": 48,
    "IsoCountryCode": "PL",
    "StateList": false,
    "Region": "eu"
  },
  {
    "CountryId": 161,
    "Name": "Portugal",
    "CountryCode": 351,
    "IsoCountryCode": "PT",
    "StateList": false,
    "Region": "eu"
  },
  {
    "CountryId": 162,
    "Name": "Puerto Rico",
    "CountryCode": 1787,
    "IsoCountryCode": "PR",
    "StateList": false,
    "Region": "na"
  },
  {
    "CountryId": 163,
    "Name": "Qatar",
    "CountryCode": 974,
    "IsoCountryCode": "QA",
    "StateList": false,
    "Region": "eu"
  },
  {
    "CountryId": 166,
    "Name": "Réunion",
    "CountryCode": 262,
    "IsoCountryCode": "RE",
    "StateList": false,
    "Region": "eu"
  },
  {
    "CountryId": 167,
    "Name": "Romania",
    "CountryCode": 40,
    "IsoCountryCode": "RO",
    "StateList": false,
    "Region": "eu"
  },
  {
    "CountryId": 168,
    "Name": "Russia",
    "CountryCode": 7,
    "IsoCountryCode": "RU",
    "StateList": false,
    "Region": "eu"
  },
  {
    "CountryId": 169,
    "Name": "Rwanda",
    "CountryCode": 250,
    "IsoCountryCode": "RW",
    "StateList": false,
    "Region": "eu"
  },
  {
    "CountryId": 188,
    "Name": "Saint Helena",
    "CountryCode": 290,
    "IsoCountryCode": "SH",
    "StateList": false,
    "Region": "la"
  },
  {
    "CountryId": 189,
    "Name": "Saint Kitts and Nevis",
    "CountryCode": 1869,
    "IsoCountryCode": "KN",
    "StateList": false,
    "Region": "la"
  },
  {
    "CountryId": 190,
    "Name": "Saint Lucia",
    "CountryCode": 1758,
    "IsoCountryCode": "LC",
    "StateList": false,
    "Region": "la"
  },
  {
    "CountryId": 192,
    "Name": "Saint Vincent and the Grenadines",
    "CountryCode": 1784,
    "IsoCountryCode": "VC",
    "StateList": false,
    "Region": "la"
  },
  {
    "CountryId": 191,
    "Name": "Saint-Pierre and Miquelon",
    "CountryCode": 508,
    "IsoCountryCode": "PM",
    "StateList": false,
    "Region": "na"
  },
  {
    "CountryId": 170,
    "Name": "Saipan",
    "CountryCode": 1670,
    "IsoCountryCode": "MP",
    "StateList": false,
    "Region": "na"
  },
  {
    "CountryId": 227,
    "Name": "Samoa",
    "CountryCode": 685,
    "IsoCountryCode": "WS",
    "StateList": false,
    "Region": "asia"
  },
  {
    "CountryId": 171,
    "Name": "San Marino",
    "CountryCode": 378,
    "IsoCountryCode": "SM",
    "StateList": false,
    "Region": "eu"
  },
  {
    "CountryId": 172,
    "Name": "São Tomé and Príncipe",
    "CountryCode": 239,
    "IsoCountryCode": "ST",
    "StateList": false,
    "Region": "eu"
  },
  {
    "CountryId": 173,
    "Name": "Saudi Arabia",
    "CountryCode": 966,
    "IsoCountryCode": "SA",
    "StateList": false,
    "Region": "eu"
  },
  {
    "CountryId": 175,
    "Name": "Senegal",
    "CountryCode": 221,
    "IsoCountryCode": "SN",
    "StateList": false,
    "Region": "eu"
  },
  {
    "CountryId": 176,
    "Name": "Serbia",
    "CountryCode": 381,
    "IsoCountryCode": "RS",
    "StateList": false,
    "Region": "eu"
  },
  {
    "CountryId": 177,
    "Name": "Seychelles",
    "CountryCode": 248,
    "IsoCountryCode": "SC",
    "StateList": false,
    "Region": "asia"
  },
  {
    "CountryId": 178,
    "Name": "Sierra Leone",
    "CountryCode": 232,
    "IsoCountryCode": "SL",
    "StateList": false,
    "Region": "eu"
  },
  {
    "CountryId": 179,
    "Name": "Singapore",
    "CountryCode": 65,
    "IsoCountryCode": "SG",
    "StateList": false,
    "Region": "asia"
  },
  {
    "CountryId": 180,
    "Name": "Slovakia",
    "CountryCode": 421,
    "IsoCountryCode": "SK",
    "StateList": false,
    "Region": "eu"
  },
  {
    "CountryId": 181,
    "Name": "Slovenia",
    "CountryCode": 386,
    "IsoCountryCode": "SI",
    "StateList": false,
    "Region": "eu"
  },
  {
    "CountryId": 182,
    "Name": "Solomon Islands",
    "CountryCode": 677,
    "IsoCountryCode": "SB",
    "StateList": false,
    "Region": "asia"
  },
  {
    "CountryId": 183,
    "Name": "Somalia",
    "CountryCode": 252,
    "IsoCountryCode": "SO",
    "StateList": false,
    "Region": "eu"
  },
  {
    "CountryId": 184,
    "Name": "South Africa",
    "CountryCode": 27,
    "IsoCountryCode": "ZA",
    "StateList": false,
    "Region": "eu"
  },
  {
    "CountryId": 186,
    "Name": "Spain",
    "CountryCode": 34,
    "IsoCountryCode": "ES",
    "StateList": false,
    "Region": "eu"
  },
  {
    "CountryId": 187,
    "Name": "Sri Lanka",
    "CountryCode": 94,
    "IsoCountryCode": "LK",
    "StateList": false,
    "Region": "asia"
  },
  {
    "CountryId": 193,
    "Name": "Sudan",
    "CountryCode": 249,
    "IsoCountryCode": "SD",
    "StateList": false,
    "Region": "eu"
  },
  {
    "CountryId": 194,
    "Name": "Suriname",
    "CountryCode": 597,
    "IsoCountryCode": "SR",
    "StateList": false,
    "Region": "la"
  },
  {
    "CountryId": 255,
    "Name": "Svalbard and Jan Mayen  ",
    "CountryCode": 47,
    "IsoCountryCode": "SJ",
    "StateList": false,
    "Region": "eu"
  },
  {
    "CountryId": 195,
    "Name": "Swaziland",
    "CountryCode": 268,
    "IsoCountryCode": "SZ",
    "StateList": false,
    "Region": "eu"
  },
  {
    "CountryId": 196,
    "Name": "Sweden",
    "CountryCode": 46,
    "IsoCountryCode": "SE",
    "StateList": false,
    "Region": "eu"
  },
  {
    "CountryId": 197,
    "Name": "Switzerland",
    "CountryCode": 41,
    "IsoCountryCode": "CH",
    "StateList": false,
    "Region": "eu"
  },
  {
    "CountryId": 198,
    "Name": "Syria",
    "CountryCode": 963,
    "IsoCountryCode": "SY",
    "StateList": false,
    "Region": "eu"
  },
  {
    "CountryId": 200,
    "Name": "Taiwan",
    "CountryCode": 886,
    "IsoCountryCode": "TW",
    "StateList": false,
    "Region": "asia"
  },
  {
    "CountryId": 201,
    "Name": "Tajikistan",
    "CountryCode": 992,
    "IsoCountryCode": "TJ",
    "StateList": false,
    "Region": "eu"
  },
  {
    "CountryId": 202,
    "Name": "Tanzania",
    "CountryCode": 255,
    "IsoCountryCode": "TZ",
    "StateList": false,
    "Region": "eu"
  },
  {
    "CountryId": 203,
    "Name": "Thailand",
    "CountryCode": 66,
    "IsoCountryCode": "TH",
    "StateList": false,
    "Region": "asia"
  },
  {
    "CountryId": 58,
    "Name": "Timor-Leste",
    "CountryCode": 670,
    "IsoCountryCode": "TL",
    "StateList": false,
    "Region": "asia"
  },
  {
    "CountryId": 205,
    "Name": "Togo",
    "CountryCode": 228,
    "IsoCountryCode": "TG",
    "StateList": false,
    "Region": "eu"
  },
  {
    "CountryId": 238,
    "Name": "Tokelau",
    "CountryCode": 690,
    "IsoCountryCode": "TK",
    "StateList": false,
    "Region": "asia"
  },
  {
    "CountryId": 206,
    "Name": "Tonga",
    "CountryCode": 676,
    "IsoCountryCode": "TO",
    "StateList": false,
    "Region": "asia"
  },
  {
    "CountryId": 207,
    "Name": "Trinidad and Tobago",
    "CountryCode": 1868,
    "IsoCountryCode": "TT",
    "StateList": false,
    "Region": "la"
  },
  {
    "CountryId": 208,
    "Name": "Tunisia",
    "CountryCode": 216,
    "IsoCountryCode": "TN",
    "StateList": false,
    "Region": "eu"
  },
  {
    "CountryId": 210,
    "Name": "Turkey",
    "CountryCode": 90,
    "IsoCountryCode": "TR",
    "StateList": false,
    "Region": "eu"
  },
  {
    "CountryId": 211,
    "Name": "Turkmenistan",
    "CountryCode": 993,
    "IsoCountryCode": "TM",
    "StateList": false,
    "Region": "eu"
  },
  {
    "CountryId": 209,
    "Name": "Turks and Caicos Islands",
    "CountryCode": 1649,
    "IsoCountryCode": "TC",
    "StateList": false,
    "Region": "la"
  },
  {
    "CountryId": 212,
    "Name": "Tuvalu",
    "CountryCode": 688,
    "IsoCountryCode": "TV",
    "StateList": false,
    "Region": "asia"
  },
  {
    "CountryId": 213,
    "Name": "Uganda",
    "CountryCode": 256,
    "IsoCountryCode": "UG",
    "StateList": false,
    "Region": "eu"
  },
  {
    "CountryId": 214,
    "Name": "Ukraine",
    "CountryCode": 380,
    "IsoCountryCode": "UA",
    "StateList": false,
    "Region": "eu"
  },
  {
    "CountryId": 215,
    "Name": "United Arab Emirates",
    "CountryCode": 971,
    "IsoCountryCode": "AE",
    "StateList": false,
    "Region": "eu"
  },
  {
    "CountryId": 216,
    "Name": "United Kingdom",
    "CountryCode": 44,
    "IsoCountryCode": "GB",
    "StateList": false,
    "Region": "eu"
  },
  {
    "CountryId": 218,
    "Name": "Uruguay",
    "CountryCode": 598,
    "IsoCountryCode": "UY",
    "StateList": false,
    "Region": "la"
  },
  {
    "CountryId": 220,
    "Name": "Uzbekistan",
    "CountryCode": 998,
    "IsoCountryCode": "UZ",
    "StateList": false,
    "Region": "eu"
  },
  {
    "CountryId": 221,
    "Name": "Vanuatu",
    "CountryCode": 678,
    "IsoCountryCode": "VU",
    "StateList": false,
    "Region": "na"
  },
  {
    "CountryId": 222,
    "Name": "Vatican City",
    "CountryCode": 39,
    "IsoCountryCode": "VA",
    "StateList": false,
    "Region": "eu"
  },
  {
    "CountryId": 223,
    "Name": "Venezuela",
    "CountryCode": 58,
    "IsoCountryCode": "VE",
    "StateList": false,
    "Region": "la"
  },
  {
    "CountryId": 224,
    "Name": "Viet Nam",
    "CountryCode": 84,
    "IsoCountryCode": "VN",
    "StateList": false,
    "Region": "asia"
  },
  {
    "CountryId": 225,
    "Name": "Virgin Islands, British",
    "CountryCode": 1284,
    "IsoCountryCode": "VG",
    "StateList": false,
    "Region": "la"
  },
  {
    "CountryId": 219,
    "Name": "Virgin Islands, U.S.",
    "CountryCode": 1340,
    "IsoCountryCode": "VI",
    "StateList": false,
    "Region": "la"
  },
  {
    "CountryId": 237,
    "Name": "Wallis and Futuna Islands",
    "CountryCode": 681,
    "IsoCountryCode": "WF",
    "StateList": false,
    "Region": "eu"
  },
  {
    "CountryId": 241,
    "Name": "Western Sahara",
    "CountryCode": 212,
    "IsoCountryCode": "EH",
    "StateList": false,
    "Region": "eu"
  },
  {
    "CountryId": 229,
    "Name": "Yemen",
    "CountryCode": 967,
    "IsoCountryCode": "YE",
    "StateList": false,
    "Region": "eu"
  },
  {
    "CountryId": 232,
    "Name": "Zambia, Republic of",
    "CountryCode": 260,
    "IsoCountryCode": "ZM",
    "StateList": false,
    "Region": "eu"
  },
  {
    "CountryId": 233,
    "Name": "Zimbabwe",
    "CountryCode": 263,
    "IsoCountryCode": "ZW",
    "StateList": false,
    "Region": "eu"
  }
]